query-id	corpus-id	score
q01	LC-1	2
q02	LC-2	2
q02	LC-3	1
q03	LC-3	2
q04	LC-4	2
q05	LC-5	2
q06	LC-6	2
q06	LC-7	1
q07	LC-7	2
q07	LC-6	1
q08	LC-8	2
q09	LC-9	2
q10	LC-10	2
q11	LC-11	2
q12	LC-12	2
q13	LC-13	2
q14	LC-2	2
q15	DP-3	2
q16	DP-4	2
q17	DP-5	2
q18	DP-6	2
q19	DP-7	2
q20	DP-8	2
q21	DP-9	2
q22	DP-11	2
q23	DP-10	2
q24	DP-3	2
q25	DP-12	2
q25	DP-8	1
q26	CR-1	2
q26	CR-2	1
q26	CR-3	1
q27	CR-3	2
q28	CR-4	2
q29	CR-5	2
q29	CR-6	1
q30	CR-6	2
q30	CR-5	1
q31	CR-8	2
q32	CR-9	2
q33	CR-11	2
q34	CR-12	2
q35	CR-10	2
q36	CR-2	2
q36	CR-1	1
q37	RT-2	2
q38	RT-3	2
q39	RT-4	2
q40	RT-5	2
q41	RT-6	2
q42	RT-8	2
q43	RT-9	2
q44	RT-11	2
q44	RT-7	1
q45	RT-12	2
q46	RT-7	2
q46	RT-8	1
q47	CA-1	2
q48	CA-4	2
q49	CA-7	2
q50	CA-9	2
q51	CA-11	2
q52	CA-6	2
q53	CA-12	2
q54	CA-8	2
q55	CA-3	2
q56	CA-10	2
